{
  "game_engine/powerhouse.js": 1775070905.021572,
  "game_engine/scoring.js": 1773701474.805591,
  "game_engine/validators.js": 1771993185.5369525,
  "game_engine/recording.js": 1775860714.2390802,
  "game_engine/index.js": 1775948382.6552043,
  "game_engine/deck.js": 1773797220.1617808,
  "game_engine/config.js": 1773086268.385663,
  "game_engine/tricks.js": 1775948382.6579032,
  "game_engine/gameRegistry.js": 1775357495.945508,
  "game_engine/stateManager.js": 1775860714.239313,
  "game_engine/bidding.js": 1773086268.3845246,
  "game_engine/shuffle.js": 1773086268.3871984,
  "game_engine/judgement/scoring.js": 1773797220.172789,
  "game_engine/judgement/rounds.js": 1773797220.1722593,
  "game_engine/judgement/index.js": 1773797220.1709347,
  "game_engine/judgement/config.js": 1773797220.1703095,
  "game_engine/judgement/bidding.js": 1775861684.3801146,
  "game_engine/strategies/judgement.js": 1775860714.239601,
  "game_engine/strategies/index.js": 1775948382.6572354,
  "game_engine/strategies/mendikot.js": 1776135169.8413672,
  "game_engine/strategies/kaliteri.js": 1775860714.2398334,
  "game_engine/strategies/GameStrategy.js": 1775357495.9456341,
  "game_engine/mendikot/scoring.js": 1775948382.6565697,
  "game_engine/mendikot/dealerRotation.js": 1775948382.6561306,
  "game_engine/mendikot/index.js": 1775948382.6563537,
  "game_engine/mendikot/config.js": 1775948382.655904,
  "game_engine/mendikot/tricks.js": 1775948382.6569235,
  "game_engine/mendikot/bandHukum.js": 1776144721.4073617
}